epoch,step,val_loss,val_loss_var_0,val_loss_var_1
0,0,0.5358338356018066,0.6063387393951416,0.46532902121543884
